C0,C1,C2,C3,C4,C5,C6,C7,C8
Anúncio novo,Apartamento,              Originals,Rua Francisco Nunes,"Prado Velho, Curitiba",            58 m²,            2 dorms,Aluguel: R$ 2.300,Total: R$ 2.652
Anúncio novo,Apartamento,              Exclusivo,Rua João Zaniolo,"Rebouças , Curitiba",            55 m²,            2 dorms,Aluguel: R$ 1.200,Total: R$ 1.544
Anúncio novo,Casa,              Exclusivo,Rua Capitão João Ribas de Oliveira,"Uberaba, Curitiba",            240 m²,            3 dorms,Aluguel: R$ 5.500,Total: R$ 5.724
Anúncio novo,Apartamento,              Exclusivo,Rua José Alcides de Lima,"Capão Raso, Curitiba",            59 m²,            3 dorms,Aluguel: R$ 1.000,Total: R$ 1.547
Anúncio novo,Studio e kitnet,vazio,Rua Francisco Nunes,"Prado Velho, Curitiba",            28 m²,            1 dorms,Aluguel: R$ 1.700,Total: R$ 1.941
Anúncio novo,Apartamento,vazio,Rua Gastão Câmara,"Bigorrilho, Curitiba",            110 m²,            2 dorms,Aluguel: R$ 3.200,Total: R$ 4.066
Anúncio novo,Studio e kitnet,vazio,Rua Francisco Nunes,"Prado Velho, Curitiba",            28 m²,            1 dorms,Aluguel: R$ 1.700,Total: R$ 1.941
Anúncio novo,Studio e kitnet,vazio,Rua Francisco Nunes,"Prado Velho, Curitiba",            28 m²,            1 dorms,Aluguel: R$ 1.700,Total: R$ 1.942
Anúncio novo,Apartamento,vazio,Rua Ubaldino do Amaral,"Alto da Glória , Curitiba",            89 m²,            2 dorms,Aluguel: R$ 6.890,Total: R$ 7.933
Anúncio novo,Studio e kitnet,vazio,Rua Francisco Nunes,"Prado Velho, Curitiba",            28 m²,            1 dorms,Aluguel: R$ 1.700,Total: R$ 1.941
Anúncio novo,Apartamento,vazio,Rua João Batista Dallarmi,"Santa Felicidade, Curitiba",            110 m²,            2 dorms,Aluguel: R$ 3.300,Total: R$ 3.802
Anúncio novo,Apartamento,vazio,Rua João Domachoski,"Mossunguê , Curitiba",            47 m²,            2 dorms,Aluguel: R$ 2.590,Total: R$ 3.265
Anúncio novo,Studio e kitnet,              Exclusivo,Avenida Presidente Wenceslau Braz,"Portão , Curitiba",            21 m²,            1 dorms,Aluguel: R$ 900,Total: R$ 1.345
Anúncio novo,Apartamento,              Exclusivo,Rua Arion Niepce da Silva,"Portão , Curitiba",            33 m²,            1 dorms,Aluguel: R$ 1.570,Total: R$ 1.994
Anúncio novo,Apartamento,vazio,Rua Emília Michalski Ubá,"Cachoeira, Curitiba",            42 m²,            2 dorms,Aluguel: R$ 700,Total: R$ 952
Anúncio novo,Apartamento,              Exclusivo,Rua Ângelo Tozim,"Campo de Santana, Curitiba",            53 m²,            2 dorms,Aluguel: R$ 900,Total: R$ 1.251
Anúncio novo,Casa,vazio,Rua Albino Kaminski,"Bairro Alto, Curitiba",            26 m²,            1 dorms,Aluguel: R$ 500,Total: R$ 537
Anúncio novo,Casa,vazio,Rua Otto Willi Michaelis,"Butiatuvinha, Curitiba",            70 m²,            4 dorms,Aluguel: R$ 2.000,Total: R$ 2.082
Anúncio novo,Studio e kitnet,              Exclusivo,Rua Chanceler Oswaldo Aranha,"Xaxim, Curitiba",            36 m²,            1 dorms,Aluguel: R$ 900,Total: R$ 965
Anúncio novo,Apartamento,              Exclusivo,Avenida Comendador Franco,"Uberaba, Curitiba",            45 m²,            2 dorms,Aluguel: R$ 941,Total: R$ 1.274
Anúncio novo,Apartamento,vazio,Rua Presidente Faria,"Centro, Curitiba",            44 m²,            1 dorms,Aluguel: R$ 1.320,Total: R$ 1.697
Anúncio novo,Apartamento,              Originals,Rua Coronel Dulcídio,"Água Verde, Curitiba",            143 m²,            3 dorms,Aluguel: R$ 4.500,Total: R$ 5.831
Anúncio novo,Casa,vazio,Rua José Benedito Oliveira,"Uberaba, Curitiba",            80 m²,            2 dorms,Aluguel: R$ 2.500,Total: R$ 2.628
Anúncio novo,Apartamento,              Exclusivo,Rua São Mateus,"Portão , Curitiba",            35 m²,            1 dorms,Aluguel: R$ 2.200,Total: R$ 2.560
Anúncio novo,Casa,              Exclusivo,Rua Jesus Francisco da Rocha,"Tatuquara, Curitiba",            30 m²,            1 dorms,Aluguel: R$ 651,Total: R$ 678
Anúncio novo,Apartamento,              Exclusivo,Avenida Visconde de Guarapuava,"Centro, Curitiba",            50 m²,            1 dorms,Aluguel: R$ 1.100,Total: R$ 1.531
Anúncio novo,Apartamento,              Exclusivo,Rua Nelsom Ferreira da Luz,"Campo Comprido , Curitiba",            60 m²,            3 dorms,Aluguel: R$ 1.299,Total: R$ 1.828
Anúncio novo,Studio e kitnet,vazio,Rua Jorge Simão,"Alto Boqueirão, Curitiba",            32 m²,            1 dorms,Aluguel: R$ 1.500,Total: R$ 1.583
Anúncio novo,Casa,              Exclusivo,Rua Anjo de Luz,"Cidade Industrial, Curitiba",            145 m²,            1 dorms,Aluguel: R$ 1.800,Total: R$ 1.956
Anúncio novo,Studio e kitnet,              Originals,Avenida Visconde de Guarapuava,"Centro, Curitiba",            29 m²,            1 dorms,Aluguel: R$ 1.900,Total: R$ 2.326
Anúncio novo,Casa em Condomínio,vazio,Rua Doutor Alarico Vieira de Alencar,"Bacacheri, Curitiba",            279 m²,            4 dorms,Aluguel: R$ 8.190,Total: R$ 8.708
Anúncio novo,Apartamento,vazio,Rua Nilo Cairo,"Centro, Curitiba",            36 m²,            1 dorms,Aluguel: R$ 1.400,Total: R$ 1.745
Anúncio novo,Apartamento,              Exclusivo,Rua Martim Afonso,"Bigorrilho, Curitiba",            153 m²,            3 dorms,Aluguel: R$ 2.000,Total: R$ 3.519
Anúncio novo,Apartamento,vazio,Rua Coronel Ottoni Maciel,"Vila Izabel , Curitiba",            110 m²,            3 dorms,Aluguel: R$ 3.500,Total: R$ 4.527
Anúncio novo,Casa,              Exclusivo,Rua Professor José Demeterco,"Cajuru, Curitiba",            60 m²,            2 dorms,Aluguel: R$ 1.200,Total: R$ 1.324
Anúncio novo,Apartamento,vazio,Rua Emílio Cornelsen,"Ahu , Curitiba",            131 m²,            3 dorms,Aluguel: R$ 3.700,Total: R$ 4.964
Anúncio novo,Apartamento,              Exclusivo,Rua Doutor Luiz Losso Filho,"Novo Mundo, Curitiba",            108 m²,            3 dorms,Aluguel: R$ 1.950,Total: R$ 2.130
Anúncio novo,Apartamento,              Exclusivo,Rua Iapó,"Rebouças , Curitiba",            55 m²,            1 dorms,Aluguel: R$ 1.303,Total: R$ 1.500
Anúncio novo,Apartamento,vazio,Rua Padre Manuel da Nóbrega,"Fanny, Curitiba",            40 m²,            2 dorms,Aluguel: R$ 1.870,Total: R$ 2.280
Anúncio novo,Studio e kitnet,              Originals,Rua Schiller,"Cristo Rei , Curitiba",            35 m²,            1 dorms,Aluguel: R$ 1.900,Total: R$ 2.263
Anúncio novo,Studio e kitnet,              Exclusivo,Rua Nunes Machado,"Centro, Curitiba",            25 m²,            1 dorms,Aluguel: R$ 2.000,Total: R$ 2.461
Anúncio novo,Apartamento,              Exclusivo,Avenida Pero Vaz de Caminha,"Tatuquara, Curitiba",            42 m²,            2 dorms,Aluguel: R$ 750,Total: R$ 1.115
Anúncio novo,Apartamento,              Exclusivo,Rua Voluntários da Pátria,"Centro, Curitiba",            150 m²,            3 dorms,Aluguel: R$ 3.100,Total: R$ 4.070
Anúncio novo,Casa,              Exclusivo,Rua Alberto Ferreira,"Cidade Industrial de Curitiba, Curitiba",            152 m²,            3 dorms,Aluguel: R$ 2.500,Total: R$ 2.602
Anúncio novo,Casa,              Exclusivo,Rua Tenente Douglas Acácio Benetolo,"Portão , Curitiba",            127 m²,            3 dorms,Aluguel: R$ 3.100,Total: R$ 3.226
Anúncio novo,Casa,vazio,Rua Ursulina Visinoni,"Cidade Industrial de Curitiba, Curitiba",            100 m²,            3 dorms,Aluguel: R$ 2.289,Total: R$ 2.382
Anúncio novo,Studio e kitnet,              Originals,Rua Ubaldino do Amaral,"Centro, Curitiba",            39 m²,            1 dorms,Aluguel: R$ 2.250,Total: R$ 2.985
Anúncio novo,Apartamento,vazio,Rodovia Br-116,"Bairro Alto, Curitiba",            57 m²,            2 dorms,Aluguel: R$ 1.600,Total: R$ 2.031
Anúncio novo,Apartamento,vazio,Rua Deputado Mário de Barros,"Centro Cívico , Curitiba",            33 m²,            1 dorms,Aluguel: R$ 900,Total: R$ 1.432
Anúncio novo,Casa,vazio,Rua Natálio Scussiato,"Cidade Industrial, Curitiba",            62 m²,            3 dorms,Aluguel: R$ 1.600,Total: R$ 1.807
Anúncio novo,Apartamento,              Exclusivo,Rua Lourival Portella Natel,"Portão , Curitiba",            33 m²,            1 dorms,Aluguel: R$ 1.200,Total: R$ 1.566
vazio,Apartamento,              Exclusivo,Rua Renato Polatti,"Campo Comprido , Curitiba",            57 m²,            2 dorms,Aluguel: R$ 1.552,Total: R$ 1.978
vazio,Studio e kitnet,vazio,Rua Major França Gomes,"Santa Quitéria , Curitiba",            28 m²,            1 dorms,Aluguel: R$ 1.500,Total: R$ 1.835
vazio,Apartamento,              Exclusivo,Rua Valdomiro Rodrigues,"Tatuquara, Curitiba",            45 m²,            2 dorms,Aluguel: R$ 800,Total: R$ 1.069
Anúncio novo,Apartamento,              Exclusivo,Rua David Bodziak,"Cachoeira, Curitiba",            48 m²,            2 dorms,Aluguel: R$ 700,Total: R$ 1.005
vazio,Apartamento,              Exclusivo,Rua Comendador Macedo,"Centro, Curitiba",            25 m²,            1 dorms,Aluguel: R$ 1.200,Total: R$ 1.652
Anúncio novo,Casa,vazio,Rua Professor Rodolfo Belz,"Santa Cândida, Curitiba",            50 m²,            1 dorms,Aluguel: R$ 1.100,Total: R$ 1.195
Anúncio novo,Casa,              Exclusivo,Rua Pedro Wieler,"Xaxim, Curitiba",            110 m²,            4 dorms,Aluguel: R$ 2.500,Total: R$ 2.639
vazio,Apartamento,vazio,Rua Padre Giácomo Cusmano,"Campina do Siqueira, Curitiba",            45 m²,            1 dorms,Aluguel: R$ 2.300,Total: R$ 3.017
Anúncio novo,Apartamento,vazio,Avenida Sete de Setembro,"Rebouças , Curitiba",            50 m²,            2 dorms,Aluguel: R$ 859,Total: R$ 1.350
Anúncio novo,Apartamento,vazio,Rua Deputado Mário de Barros,"Centro Cívico , Curitiba",            31 m²,            1 dorms,Aluguel: R$ 800,Total: R$ 1.297
vazio,Apartamento,              Exclusivo,Rua Canadá,"Bacacheri, Curitiba",            98 m²,            3 dorms,Aluguel: R$ 1.607,Total: R$ 2.432
vazio,Apartamento,vazio,Rua Murillo Szabo,"Campo de Santana, Curitiba",            55 m²,            2 dorms,Aluguel: R$ 980,Total: R$ 1.260
vazio,Casa,              Exclusivo,Rua Paula Prevedello Gusso,"Boa vista, Curitiba",            330 m²,            3 dorms,Aluguel: R$ 6.150,Total: R$ 6.500
vazio,Casa,vazio,Rua Nilo Peçanha,"Bom Retiro, Curitiba",            110 m²,            6 dorms,Aluguel: R$ 5.890,Total: R$ 6.297
vazio,Apartamento,              Originals,Avenida Fredolin Wolf,"Pilarzinho, Curitiba",            59 m²,            1 dorms,Aluguel: R$ 1.440,Total: R$ 1.832
Anúncio novo,Apartamento,vazio,Rua Desembargador Antônio de Paula,"Boqueirão, Curitiba",            40 m²,            2 dorms,Aluguel: R$ 1.100,Total: R$ 1.292
vazio,Studio e kitnet,              Originals,Avenida Visconde de Guarapuava,"Centro, Curitiba",            30 m²,            1 dorms,Aluguel: R$ 1.950,Total: R$ 2.291
vazio,Apartamento,              Exclusivo,Travessa Itararé,"Centro, Curitiba",            17 m²,            1 dorms,Aluguel: R$ 550,Total: R$ 919
vazio,Apartamento,              Exclusivo,Rua Durval Leopoldo Landal,"Cidade Industrial, Curitiba",            43 m²,            2 dorms,Aluguel: R$ 809,Total: R$ 1.160
vazio,Apartamento,vazio,Rua Íris Antônio Campos,"Campo Comprido , Curitiba",            47 m²,            2 dorms,Aluguel: R$ 870,Total: R$ 900
vazio,Apartamento,              Originals,Rua Elvira Harkot Ramina,"Mossunguê , Curitiba",            290 m²,            3 dorms,Aluguel: R$ 8.000,Total: R$ 10.543
vazio,Apartamento,              Originals,Rua João Alencar Guimarães,"Campo Comprido , Curitiba",            69 m²,            2 dorms,Aluguel: R$ 1.825,Total: R$ 2.240
vazio,Apartamento,vazio,Rua Júlio Bartolomeu Taborda Luiz,"Tingui, Curitiba",            80 m²,            1 dorms,Aluguel: R$ 1.500,Total: R$ 1.589
vazio,Apartamento,              Exclusivo,Rua Luiz Barreto Murat,"Bairro Alto, Curitiba",            35 m²,            1 dorms,Aluguel: R$ 1.090,Total: R$ 1.260
vazio,Studio e kitnet,              Exclusivo,Rua Doutor Faivre,"Centro, Curitiba",            24 m²,            1 dorms,Aluguel: R$ 999,Total: R$ 1.323
vazio,Apartamento,              Originals,Rua Alferes Ângelo Sampaio,"Batel, Curitiba",            40 m²,            1 dorms,Aluguel: R$ 1.200,Total: R$ 1.664
vazio,Studio e kitnet,              Originals,Rua Elvira Annibaleto,"Novo Mundo, Curitiba",            19 m²,            1 dorms,Aluguel: R$ 1.448,Total: R$ 1.533
vazio,Apartamento,vazio,Rua Nicolau Vorobi,"Fazendinha, Curitiba",            50 m²,            3 dorms,Aluguel: R$ 1.200,Total: R$ 1.757
vazio,Apartamento,vazio,Rua Júlio Bartolomeu Taborda Luiz,"Tingui, Curitiba",            80 m²,            2 dorms,Aluguel: R$ 1.300,Total: R$ 1.381
Anúncio novo,Apartamento,              Exclusivo,Rua Iapó,"Prado Velho, Curitiba",            55 m²,            1 dorms,Aluguel: R$ 1.200,Total: R$ 1.429
Anúncio novo,Apartamento,vazio,Avenida Visconde de Guarapuava,"Centro, Curitiba",            39 m²,            1 dorms,Aluguel: R$ 980,Total: R$ 1.346
vazio,Apartamento,              Originals,Rua Visconde do Serro Frio,"Novo Mundo, Curitiba",            67 m²,            2 dorms,Aluguel: R$ 1.800,Total: R$ 2.349
vazio,Studio e kitnet,              Originals,Rua Pedro Ivo,"Centro, Curitiba",            28 m²,            1 dorms,Aluguel: R$ 1.090,Total: R$ 1.369
Anúncio novo,Apartamento,              Exclusivo,Rua Frederico Müller,"Campo Comprido , Curitiba",            52 m²,            2 dorms,Aluguel: R$ 1.289,Total: R$ 1.678
vazio,Studio e kitnet,              Exclusivo,Rua Doutor Faivre,"Centro, Curitiba",            24 m²,            1 dorms,Aluguel: R$ 999,Total: R$ 1.312
vazio,Apartamento,vazio,Rua Theodoro Makiolka,"Santa Cândida, Curitiba",            40 m²,            2 dorms,Aluguel: R$ 996,Total: R$ 1.364
vazio,Apartamento,vazio,Rua Mauá,"Alto da Glória , Curitiba",            60 m²,            3 dorms,Aluguel: R$ 2.250,Total: R$ 2.987
vazio,Apartamento,vazio,Avenida Sete de Setembro,"Rebouças , Curitiba",            34 m²,            1 dorms,Aluguel: R$ 784,Total: R$ 1.135
Anúncio novo,Casa em Condomínio,              Exclusivo,Rua Luiz Parigot de Souza,"Portão , Curitiba",            145 m²,            4 dorms,Aluguel: R$ 2.490,Total: R$ 2.750
vazio,Casa,vazio,Rua Sesinando Chaves,"Cajuru, Curitiba",            300 m²,            4 dorms,Aluguel: R$ 2.625,Total: R$ 2.776
vazio,Apartamento,vazio,Rua Professora Georgina Mongruel,"Santa Cândida, Curitiba",            60 m²,            2 dorms,Aluguel: R$ 1.360,Total: R$ 1.639
vazio,Studio e kitnet,              Exclusivo,Rua Pastor Antônio Cardona de Aguiar,"Novo Mundo, Curitiba",            28 m²,            1 dorms,Aluguel: R$ 850,Total: R$ 881
vazio,Apartamento,vazio,Rua Wilsom Gomes Ramos,"Abranches, Curitiba",            42 m²,            2 dorms,Aluguel: R$ 725,Total: R$ 1.098
vazio,Studio e kitnet,vazio,Rua Professor Nilo Brandão,"São Lourenço, Curitiba",            12 m²,            1 dorms,Aluguel: R$ 1.020,Total: R$ 1.099
vazio,Apartamento,vazio,Avenida Paraná,"Bacacheri, Curitiba",            55 m²,            1 dorms,Aluguel: R$ 1.105,Total: R$ 1.682
vazio,Apartamento,vazio,Travessa Capitão Clementino Paraná,"Água Verde, Curitiba",            180 m²,            3 dorms,Aluguel: R$ 3.750,Total: R$ 6.310
vazio,Studio e kitnet,              Originals,Rua Nunes Machado,"Centro, Curitiba",            29 m²,            1 dorms,Aluguel: R$ 1.700,Total: R$ 21.762
vazio,Studio e kitnet,vazio,Rua Domingos Gabardo,"Capão Raso, Curitiba",            32 m²,            1 dorms,Aluguel: R$ 1.111,Total: R$ 1.251
vazio,Apartamento,vazio,Rua João Koleski,"Cidade Industrial, Curitiba",            31 m²,            1 dorms,Aluguel: R$ 1.500,Total: R$ 1.854
vazio,Apartamento,              Exclusivo,Avenida Visconde de Guarapuava,"Batel, Curitiba",            260 m²,            3 dorms,Aluguel: R$ 8.000,Total: R$ 11.802
vazio,Apartamento,              Exclusivo,Rua Miguel Jorge Nasser,"Tingui, Curitiba",            54 m²,            3 dorms,Aluguel: R$ 816,Total: R$ 1.205
vazio,Apartamento,              Exclusivo,Avenida dos Estados,"Portão , Curitiba",            71 m²,            3 dorms,Aluguel: R$ 1.900,Total: R$ 2.332
vazio,Casa,              Exclusivo,Rua Sargento Luiz Gonzaga Martins Ribas,"Uberaba, Curitiba",            65 m²,            2 dorms,Aluguel: R$ 1.500,Total: R$ 1.559
vazio,Apartamento,vazio,Rua Synval Stocchero,"Cidade Industrial, Curitiba",            56 m²,            2 dorms,Aluguel: R$ 1.020,Total: R$ 1.337
vazio,Casa,              Exclusivo,Rua Ebraim Sebastião de Castro,"Santa Cândida, Curitiba",            125 m²,            4 dorms,Aluguel: R$ 2.600,Total: R$ 2.756
vazio,Apartamento,              Originals,Rua Paulo Ziliotto,"Campina do Siqueira, Curitiba",            42 m²,            1 dorms,Aluguel: R$ 2.000,Total: R$ 2.649
vazio,Casa,vazio,Rua Engenheiros Rebouças,"Rebouças , Curitiba",            212 m²,            4 dorms,Aluguel: R$ 5.440,Total: R$ 5.781
vazio,Studio e kitnet,              Exclusivo,Rua Baltazar Carrasco dos Reis,"Rebouças , Curitiba",            40 m²,            1 dorms,Aluguel: R$ 1.547,Total: R$ 1.895
vazio,Studio e kitnet,vazio,Rua Alfredo Muraro,"Cascatinha, Curitiba",            40 m²,            1 dorms,Aluguel: R$ 550,Total: R$ 570
vazio,Apartamento,              Exclusivo,Rua Synval Stocchero,"Cidade Industrial, Curitiba",            43 m²,            1 dorms,Aluguel: R$ 1.105,Total: R$ 1.425
vazio,Casa,              Exclusivo,Rua Brasílio Ribas,"Novo Mundo, Curitiba",            230 m²,            4 dorms,Aluguel: R$ 7.147,Total: R$ 7.563
vazio,Casa,vazio,Rua das Carmelitas,"Boqueirão, Curitiba",            40 m²,            1 dorms,Aluguel: R$ 680,Total: R$ 1.040
vazio,Apartamento,              Exclusivo,Rua Lothario Boutin,"Pinheirinho, Curitiba",            45 m²,            2 dorms,Aluguel: R$ 1.500,Total: R$ 1.914
vazio,Studio e kitnet,vazio,Rua Cláudio Mendes Sobrinho,"Santa Cândida, Curitiba",            25 m²,            1 dorms,Aluguel: R$ 792,Total: R$ 1.021
vazio,Apartamento,vazio,Rua Professor Algacyr Munhoz Mader,"Cidade Industrial de Curitiba, Curitiba",            45 m²,            2 dorms,Aluguel: R$ 1.275,Total: R$ 1.322
vazio,Casa,vazio,Avenida Nossa Senhora da Luz,"Hugo Lange, Curitiba",            300 m²,            5 dorms,Aluguel: R$ 11.250,Total: R$ 12.124
vazio,Casa,vazio,Rua Daniel Brambila,"Capão Raso, Curitiba",            150 m²,            3 dorms,Aluguel: R$ 3.200,Total: R$ 3.388
vazio,Casa,vazio,Alameda Júlia da Costa,"Bigorrilho, Curitiba",            360 m²,            3 dorms,Aluguel: R$ 4.690,Total: R$ 5.181
vazio,Apartamento,              Exclusivo,Rua Alberto Otto,"Santa Cândida, Curitiba",            45 m²,            2 dorms,Aluguel: R$ 875,Total: R$ 1.219
vazio,Apartamento,              Exclusivo,Rua Alberto Otto,"Santa Cândida, Curitiba",            45 m²,            2 dorms,Aluguel: R$ 875,Total: R$ 1.219
vazio,Apartamento,              Exclusivo,Rua Padre Anchieta,"Campina do Siqueira, Curitiba",            43 m²,            1 dorms,Aluguel: R$ 1.280,Total: R$ 1.645
vazio,Apartamento,              Exclusivo,Rua Thereza Lopes Skroski,"Santa Cândida, Curitiba",            48 m²,            2 dorms,Aluguel: R$ 680,Total: R$ 956
vazio,Studio e kitnet,              Exclusivo,Rua Andorinhas,"Novo Mundo, Curitiba",            25 m²,            1 dorms,Aluguel: R$ 800,Total: R$ 952
vazio,Casa em Condomínio,vazio,Rua Pedro Gusso,"Capão Raso, Curitiba",            62 m²,            2 dorms,Aluguel: R$ 2.040,Total: R$ 2.445
vazio,Studio e kitnet,vazio,Rua Jaboticabas,"Uberaba, Curitiba",            20 m²,            1 dorms,Aluguel: R$ 512,Total: R$ 531
vazio,Apartamento,              Exclusivo,Rua Luiz Barreto Murat,"Bairro Alto, Curitiba",            38 m²,            1 dorms,Aluguel: R$ 1.097,Total: R$ 1.210
vazio,Apartamento,              Exclusivo,Rua Pastor Júlio de Oliveira Roza,"Cajuru, Curitiba",            41 m²,            1 dorms,Aluguel: R$ 650,Total: R$ 727
vazio,Apartamento,vazio,Rua das Carmelitas,"Boqueirão, Curitiba",            40 m²,            1 dorms,Aluguel: R$ 680,Total: R$ 1.037
vazio,Casa,              Exclusivo,Rua Desembargador Ernâni Almeida de Abreu,"Tatuquara, Curitiba",            25 m²,            1 dorms,Aluguel: R$ 663,Total: R$ 731
vazio,Casa,              Exclusivo,Rua Ivo Pereira de Carvalho,"Uberaba, Curitiba",            220 m²,            3 dorms,Aluguel: R$ 2.800,Total: R$ 3.081
vazio,Apartamento,vazio,Rua Paschoal Bordignon,"Jardim Botânico, Curitiba",            89 m²,            3 dorms,Aluguel: R$ 1.923,Total: R$ 2.468
vazio,Apartamento,vazio,Rua Paschoal Bordignon,"Jardim Botânico, Curitiba",            89 m²,            3 dorms,Aluguel: R$ 1.923,Total: R$ 2.468
vazio,Casa,              Exclusivo,Rua Antônio Jonque Filho,"Uberaba, Curitiba",            300 m²,            5 dorms,Aluguel: R$ 4.880,Total: R$ 5.495
vazio,Apartamento,              Originals,Rua Brigadeiro Franco,"Centro, Curitiba",            68 m²,            2 dorms,Aluguel: R$ 2.600,Total: R$ 3.235
vazio,Apartamento,vazio,Rua Salustiano Cordeiro,"Água Verde, Curitiba",            107 m²,            3 dorms,Aluguel: R$ 2.174,Total: R$ 2.860
vazio,Apartamento,vazio,Rua Urbano Lopes,"Cristo Rei , Curitiba",            150 m²,            3 dorms,Aluguel: R$ 12.000,Total: R$ 13.760
vazio,Apartamento,vazio,Rua Izaac Ferreira da Cruz,"Sítio Cercado, Curitiba",            51 m²,            2 dorms,Aluguel: R$ 1.130,Total: R$ 1.469
vazio,Casa,              Exclusivo,Rua Antônio de Oliveira Santos,"Cidade Industrial de Curitiba, Curitiba",            90 m²,            3 dorms,Aluguel: R$ 1.360,Total: R$ 1.415
vazio,Casa em Condomínio,vazio,Alameda das Hortênsias,"Mossunguê , Curitiba",            450 m²,            4 dorms,Aluguel: R$ 10.000,Total: R$ 11.784
vazio,Studio e kitnet,              Exclusivo,Rua Mamoré,"Mercês, Curitiba",            27 m²,            1 dorms,Aluguel: R$ 1.020,Total: R$ 1.057
vazio,Studio e kitnet,              Originals,Rua Augusto de Mari,"Portão , Curitiba",            28 m²,            1 dorms,Aluguel: R$ 1.600,Total: R$ 1.941
vazio,Apartamento,              Originals,Rua Alípia Marques Verchai,"Portão , Curitiba",            90 m²,            3 dorms,Aluguel: R$ 1.500,Total: R$ 2.333
vazio,Studio e kitnet,              Exclusivo,Rua Mamoré,"Mercês, Curitiba",            25 m²,            1 dorms,Aluguel: R$ 1.020,Total: R$ 1.057
vazio,Casa,              Exclusivo,Rua Desembargador Ernâni Almeida de Abreu,"Tatuquara, Curitiba",            50 m²,            1 dorms,Aluguel: R$ 671,Total: R$ 748
vazio,Apartamento,vazio,Rua Guido Scotti,"Tingui, Curitiba",            90 m²,            3 dorms,Aluguel: R$ 2.800,Total: R$ 3.206
vazio,Apartamento,              Exclusivo,Rua Ângelo Tozim,"Campo de Santana, Curitiba",            48 m²,            2 dorms,Aluguel: R$ 935,Total: R$ 1.412
vazio,Apartamento,              Exclusivo,Rua Vereador Adeodato Volpi,"Novo Mundo, Curitiba",            70 m²,            2 dorms,Aluguel: R$ 1.177,Total: R$ 1.628
vazio,Studio e kitnet,              Exclusivo,Estrada da Mina do Ouro,"Santo Inácio, Curitiba",            20 m²,            1 dorms,Aluguel: R$ 552,Total: R$ 1.272
vazio,Casa em Condomínio,              Exclusivo,Rua Jaziel Sotto Maior Lagos,"Campo Comprido , Curitiba",            166 m²,            3 dorms,Aluguel: R$ 3.800,Total: R$ 4.624
vazio,Apartamento,vazio,Estrada Guilherme Weigert,"Santa Cândida, Curitiba",            64 m²,            3 dorms,Aluguel: R$ 1.360,Total: R$ 1.726
vazio,Casa,vazio,Rua Desembargador Ernâni Guaritá Cartaxo,"Capão Raso, Curitiba",            350 m²,            5 dorms,Aluguel: R$ 4.500,Total: R$ 4.914
vazio,Studio e kitnet,              Exclusivo,Rua Pastor Antônio Cardona de Aguiar,"Novo Mundo, Curitiba",            25 m²,            1 dorms,Aluguel: R$ 900,Total: R$ 932
vazio,Studio e kitnet,              Exclusivo,Rua Pastor Antônio Cardona de Aguiar,"Novo Mundo, Curitiba",            25 m²,            1 dorms,Aluguel: R$ 900,Total: R$ 932
vazio,Apartamento,vazio,Rua Satyrio Ferreira da Costa,"Alto Boqueirão, Curitiba",            44 m²,            2 dorms,Aluguel: R$ 1.020,Total: R$ 1.455
vazio,Studio e kitnet,vazio,Rua das Carmelitas,"Boqueirão, Curitiba",            40 m²,            1 dorms,Aluguel: R$ 552,Total: R$ 905
vazio,Studio e kitnet,              Exclusivo,Rua Pastor Antônio Cardona de Aguiar,"Novo Mundo, Curitiba",            25 m²,            1 dorms,Aluguel: R$ 860,Total: R$ 891
vazio,Casa em Condomínio,vazio,Rua Orlando Peruci,"Butiatuvinha, Curitiba",            372 m²,            4 dorms,Aluguel: R$ 10.700,Total: R$ 12.297
vazio,Studio e kitnet,              Originals,Rua Sete de Abril,"Alto da Rua XV, Curitiba",            34 m²,            1 dorms,Aluguel: R$ 1.600,Total: R$ 2.058
vazio,Casa,              Exclusivo,Rua Isac de Oliveira,"Uberaba, Curitiba",            38 m²,            1 dorms,Aluguel: R$ 910,Total: R$ 1.027
vazio,Apartamento,              Exclusivo,Rua Miguel Caluf,"Cajuru, Curitiba",            70 m²,            3 dorms,Aluguel: R$ 1.550,Total: R$ 1.606
vazio,Apartamento,              Exclusivo,Rua Fernando de Noronha,"Boa vista, Curitiba",            69 m²,            3 dorms,Aluguel: R$ 1.260,Total: R$ 1.695
vazio,Studio e kitnet,              Exclusivo,Rua Doutor Pedrosa,"Centro, Curitiba",            37 m²,            1 dorms,Aluguel: R$ 1.300,Total: R$ 2.895
vazio,Casa,vazio,Avenida Nossa Senhora da Luz,"Jardim Social, Curitiba",            270 m²,            5 dorms,Aluguel: R$ 12.120,Total: R$ 19.055
vazio,Casa em Condomínio,vazio,Rua Tenente-coronel Servando de Loyola E Silva,"Barreirinha, Curitiba",            125 m²,            3 dorms,Aluguel: R$ 5.500,Total: R$ 6.137
vazio,Apartamento,              Originals,Rua Doutor Pedrosa,"Centro, Curitiba",            34 m²,            1 dorms,Aluguel: R$ 2.000,Total: R$ 2.961
vazio,Apartamento,              Exclusivo,Rua João Koleski,"Cidade Industrial, Curitiba",            30 m²,            1 dorms,Aluguel: R$ 1.200,Total: R$ 1.528
vazio,Casa,              Exclusivo,Rua Frederico Lampe,"Xaxim, Curitiba",            120 m²,            1 dorms,Aluguel: R$ 2.040,Total: R$ 2.276
vazio,Studio e kitnet,vazio,Rua Xxv de Dezembro,"Cidade Industrial, Curitiba",            23 m²,            1 dorms,Aluguel: R$ 637,Total: R$ 661
vazio,Apartamento,vazio,Alameda Dom Pedro Ii,"Batel, Curitiba",            160 m²,            2 dorms,Aluguel: R$ 7.270,Total: R$ 9.016
vazio,Casa,              Exclusivo,Avenida Nossa Senhora de Lourdes,"Jardim das Américas, Curitiba",            204 m²,            4 dorms,Aluguel: R$ 15.000,Total: R$ 15.737
vazio,Apartamento,              Exclusivo,Rua Francisco Raitani,"Pinheirinho, Curitiba",            64 m²,            3 dorms,Aluguel: R$ 2.184,Total: R$ 2.782
vazio,Apartamento,              Exclusivo,Rua Padre Germano Mayer,"Hugo Lange, Curitiba",            25 m²,            1 dorms,Aluguel: R$ 1.050,Total: R$ 1.384
Anúncio novo,Apartamento,              Exclusivo,Rua José de Alencar,"Alto da Rua XV, Curitiba",            73 m²,            2 dorms,Aluguel: R$ 1.500,Total: R$ 1.961
Anúncio novo,Apartamento,              Originals,Rua Arion Niepce da Silva,"Portão , Curitiba",            75 m²,            2 dorms,Aluguel: R$ 1.962,Total: R$ 2.596
vazio,Apartamento,vazio,Rua Xxv de Dezembro,"Cidade Industrial, Curitiba",            25 m²,            1 dorms,Aluguel: R$ 603,Total: R$ 625
vazio,Apartamento,              Exclusivo,Rua Joaquim Augusto de Andrade,"Jardim das Américas, Curitiba",            140 m²,            2 dorms,Aluguel: R$ 2.920,Total: R$ 3.651
vazio,Apartamento,vazio,Rua Pedro Gusso,"Cidade Industrial de Curitiba, Curitiba",            60 m²,            2 dorms,Aluguel: R$ 1.105,Total: R$ 1.495
vazio,Apartamento,              Exclusivo,Rua Helena Andretta de Oliveira,"Uberaba, Curitiba",            70 m²,            3 dorms,Aluguel: R$ 1.470,Total: R$ 1.847
vazio,Apartamento,              Exclusivo,Praça General Osório,"Centro, Curitiba",            60 m²,            2 dorms,Aluguel: R$ 1.530,Total: R$ 2.110
vazio,Casa,vazio,Rua da Trindade,"Cajuru, Curitiba",            200 m²,            2 dorms,Aluguel: R$ 2.480,Total: R$ 2.722
vazio,Apartamento,              Exclusivo,Rua Nova Aurora,"Sítio Cercado, Curitiba",            42 m²,            2 dorms,Aluguel: R$ 1.011,Total: R$ 1.298
Anúncio novo,Apartamento,vazio,Rua Joaquim Augusto de Andrade,"Jardim das Américas, Curitiba",            85 m²,            3 dorms,Aluguel: R$ 2.200,Total: R$ 2.780
vazio,Studio e kitnet,              Exclusivo,Rua Wellington de Oliveira Vianna,"Centro Cívico , Curitiba",            47 m²,            1 dorms,Aluguel: R$ 1.200,Total: R$ 1.780
Anúncio novo,Apartamento,vazio,Avenida Marechal Humberto de Alencar Castelo Branco,"Cristo Rei , Curitiba",            65 m²,            3 dorms,Aluguel: R$ 1.800,Total: R$ 2.198
vazio,Apartamento,vazio,Avenida Sete de Setembro,"Rebouças , Curitiba",            32 m²,            1 dorms,Aluguel: R$ 850,Total: R$ 1.271
vazio,Apartamento,vazio,Rua da Paz,"Centro, Curitiba",            40 m²,            1 dorms,Aluguel: R$ 1.088,Total: R$ 1.585
vazio,Apartamento,              Exclusivo,Rua Mariano Torres,"Centro, Curitiba",            32 m²,            1 dorms,Aluguel: R$ 1.105,Total: R$ 1.565
vazio,Apartamento,              Exclusivo,Avenida Presidente Wenceslau Braz,"Fanny, Curitiba",            30 m²,            1 dorms,Aluguel: R$ 950,Total: R$ 1.305
vazio,Casa em Condomínio,vazio,Rua Joaquim Telêmaco Carneiro,"Santa Cândida, Curitiba",            35 m²,            1 dorms,Aluguel: R$ 870,Total: R$ 1.048
vazio,Casa em Condomínio,vazio,Rua Simão Brante,"Uberaba, Curitiba",            170 m²,            2 dorms,Aluguel: R$ 2.620,Total: R$ 2.921
vazio,Apartamento,vazio,Estrada Guilherme Weigert,"Santa Cândida, Curitiba",            50 m²,            2 dorms,Aluguel: R$ 1.402,Total: R$ 1.752
vazio,Studio e kitnet,              Originals,Rua Doutor Reynaldo Machado,"Prado Velho, Curitiba",            20 m²,            1 dorms,Aluguel: R$ 1.749,Total: R$ 2.002
vazio,Apartamento,              Exclusivo,Rua Hugo Zen,"São Domingos, Curitiba",            10 m²,            2 dorms,Aluguel: R$ 500,Total: R$ 1.019
vazio,Apartamento,vazio,Rua Expedicionário Claudio Joay,"Sítio Cercado, Curitiba",            42 m²,            2 dorms,Aluguel: R$ 840,Total: R$ 870
vazio,Apartamento,vazio,Rua Thereza Lopes Skroski,"Santa Cândida, Curitiba",            48 m²,            2 dorms,Aluguel: R$ 833,Total: R$ 1.130
vazio,Apartamento,              Exclusivo,Rua Francisco Timóteo de Simas,"Uberaba, Curitiba",            62 m²,            3 dorms,Aluguel: R$ 2.800,Total: R$ 3.211
vazio,Apartamento,              Exclusivo,Rua Engenheiro Costa Barros,"Cajuru, Curitiba",            70 m²,            2 dorms,Aluguel: R$ 1.123,Total: R$ 1.221
Anúncio novo,Apartamento,vazio,Rua Amintas de Barros,"Centro, Curitiba",            60 m²,            2 dorms,Aluguel: R$ 1.400,Total: R$ 2.041
vazio,Studio e kitnet,              Originals,Rua Padre Giácomo Cusmano,"Campina do Siqueira, Curitiba",            38 m²,            1 dorms,Aluguel: R$ 1.570,Total: R$ 2.090
vazio,Casa,vazio,Rua Felipe Morlotti,"Santa Cândida, Curitiba",            102 m²,            3 dorms,Aluguel: R$ 2.398,Total: R$ 2.535
vazio,Studio e kitnet,vazio,Rua Aristides Borsato,"Fazendinha, Curitiba",            33 m²,            1 dorms,Aluguel: R$ 779,Total: R$ 959
vazio,Apartamento,vazio,Rua João Koleski,"Cidade Industrial, Curitiba",            31 m²,            1 dorms,Aluguel: R$ 1.300,Total: R$ 1.652
vazio,Apartamento,              Exclusivo,Rua Olívio Domingos Leonardi,"Sítio Cercado, Curitiba",            49 m²,            2 dorms,Aluguel: R$ 700,Total: R$ 1.085
vazio,Apartamento,vazio,Avenida Presidente Affonso Camargo,"Cristo Rei , Curitiba",            100 m²,            3 dorms,Aluguel: R$ 1.340,Total: R$ 2.150
vazio,Apartamento,vazio,Rua São João,"Tingui, Curitiba",            70 m²,            3 dorms,Aluguel: R$ 2.000,Total: R$ 2.373
vazio,Apartamento,vazio,Rua São João,"Tingui, Curitiba",            70 m²,            3 dorms,Aluguel: R$ 1.870,Total: R$ 2.238
Anúncio novo,Apartamento,vazio,Rua Padre Agostinho,"Bigorrilho, Curitiba",            98 m²,            2 dorms,Aluguel: R$ 3.000,Total: R$ 3.764
vazio,Casa,vazio,Rua Cambira,"Xaxim, Curitiba",            38 m²,            1 dorms,Aluguel: R$ 750,Total: R$ 1.306
vazio,Casa,vazio,Rua Augusto Pinto Borba,"Cajuru, Curitiba",            20 m²,            1 dorms,Aluguel: R$ 500,Total: R$ 591
Anúncio novo,Apartamento,              Exclusivo,Estrada Guilherme Weigert,"Santa Cândida, Curitiba",            53 m²,            3 dorms,Aluguel: R$ 1.000,Total: R$ 1.351
vazio,Studio e kitnet,              Exclusivo,Rua Adão Sobocinski,"Cristo Rei , Curitiba",            29 m²,            1 dorms,Aluguel: R$ 1.140,Total: R$ 1.467
vazio,Casa,vazio,Rua Agenor Antônio Rodrigues,"Sítio Cercado, Curitiba",            45 m²,            1 dorms,Aluguel: R$ 760,Total: R$ 804
vazio,Apartamento,              Exclusivo,Alameda Cabral,"São Francisco, Curitiba",            140 m²,            3 dorms,Aluguel: R$ 1.700,Total: R$ 2.642
vazio,Casa,vazio,Rua Marcelino Iachinski,"Novo Mundo, Curitiba",            190 m²,            4 dorms,Aluguel: R$ 4.100,Total: R$ 4.340
vazio,Apartamento,vazio,Rua Pedro Gusso,"Capão Raso, Curitiba",            50 m²,            3 dorms,Aluguel: R$ 1.190,Total: R$ 1.673
vazio,Casa,              Exclusivo,Rua Angelina Turesso Cavalim,"Cidade Industrial de Curitiba, Curitiba",            52 m²,            1 dorms,Aluguel: R$ 970,Total: R$ 1.010
vazio,Apartamento,vazio,Rua Alferes Ângelo Sampaio,"Batel, Curitiba",            40 m²,            1 dorms,Aluguel: R$ 1.207,Total: R$ 1.643
Anúncio novo,Casa,              Exclusivo,Rua Madre Leonie,"Jardim Social, Curitiba",            750 m²,            4 dorms,Aluguel: R$ 15.000,Total: R$ 16.883
vazio,Apartamento,vazio,Rua Ayrton Turra,"Cajuru, Curitiba",            42 m²,            2 dorms,Aluguel: R$ 1.100,Total: R$ 1.431
vazio,Studio e kitnet,              Originals,Rua Doutor Reynaldo Machado,"Prado Velho, Curitiba",            18 m²,            1 dorms,Aluguel: R$ 1.275,Total: R$ 1.583
vazio,Casa,              Exclusivo,Rua João Batista Trentin,"Bacacheri, Curitiba",            80 m²,            2 dorms,Aluguel: R$ 1.350,Total: R$ 1.418
vazio,Studio e kitnet,              Exclusivo,Rua Wellington de Oliveira Vianna,"Centro Cívico , Curitiba",            38 m²,            1 dorms,Aluguel: R$ 1.475,Total: R$ 1.998
vazio,Studio e kitnet,              Exclusivo,Rua Gustavo Rattman,"Bacacheri, Curitiba",            60 m²,            1 dorms,Aluguel: R$ 935,Total: R$ 2.019
vazio,Studio e kitnet,              Exclusivo,Rua Pastor Antônio Cardona de Aguiar,"Novo Mundo, Curitiba",            28 m²,            1 dorms,Aluguel: R$ 850,Total: R$ 881
vazio,Apartamento,              Originals,Rua Xv de Novembro,"Alto da Rua XV, Curitiba",            38 m²,            1 dorms,Aluguel: R$ 2.300,Total: R$ 2.943
vazio,Apartamento,              Exclusivo,Rua Peru,"Bacacheri, Curitiba",            120 m²,            2 dorms,Aluguel: R$ 3.400,Total: R$ 4.905
vazio,Apartamento,              Originals,Rua Recife,"Cabral, Curitiba",            392 m²,            4 dorms,Aluguel: R$ 4.500,Total: R$ 10.093
vazio,Apartamento,              Exclusivo,Avenida República Argentina,"Portão , Curitiba",            62 m²,            2 dorms,Aluguel: R$ 2.800,Total: R$ 3.523
vazio,Apartamento,vazio,Rua Doutor Pedrosa,"Centro, Curitiba",            70 m²,            2 dorms,Aluguel: R$ 1.743,Total: R$ 2.474
vazio,Apartamento,              Exclusivo,Rua Nunes Machado,"Centro, Curitiba",            76 m²,            2 dorms,Aluguel: R$ 1.152,Total: R$ 3.819
vazio,Apartamento,              Originals,Rua Governador Agamenon Magalhães,"Cristo Rei , Curitiba",            36 m²,            1 dorms,Aluguel: R$ 1.360,Total: R$ 1.853
vazio,Apartamento,              Exclusivo,Rua Alferes Ângelo Sampaio,"Bigorrilho, Curitiba",            40 m²,            1 dorms,Aluguel: R$ 1.460,Total: R$ 1.564
vazio,Apartamento,vazio,Rua Xxv de Dezembro,"Cidade Industrial, Curitiba",            60 m²,            2 dorms,Aluguel: R$ 790,Total: R$ 819
vazio,Apartamento,              Exclusivo,Alameda Doutor Carlos de Carvalho,"Centro, Curitiba",            120 m²,            3 dorms,Aluguel: R$ 1.317,Total: R$ 2.526
vazio,Casa,vazio,Rua João Sikora,"Umbará, Curitiba",            50 m²,            1 dorms,Aluguel: R$ 680,Total: R$ 707
vazio,Apartamento,              Exclusivo,Rua Júlio Graf,"Vista Alegre, Curitiba",            220 m²,            2 dorms,Aluguel: R$ 1.700,Total: R$ 2.762
vazio,Apartamento,              Exclusivo,Rua Mateus Leme,"Centro Cívico , Curitiba",            85 m²,            1 dorms,Aluguel: R$ 1.200,Total: R$ 1.669
vazio,Casa,              Exclusivo,Rua Professor Omar Gonçalves da Motta,"Boa vista, Curitiba",            145 m²,            3 dorms,Aluguel: R$ 3.590,Total: R$ 3.782
vazio,Apartamento,              Exclusivo,Rua Pará,"Portão , Curitiba",            101 m²,            3 dorms,Aluguel: R$ 3.360,Total: R$ 3.961
vazio,Casa,              Exclusivo,Rua Doutor Estevam Ribeiro de Souza Netto,"Cajuru, Curitiba",            30 m²,            1 dorms,Aluguel: R$ 590,Total: R$ 614
vazio,Apartamento,              Exclusivo,Rua Padre Anchieta,"Bigorrilho, Curitiba",            45 m²,            1 dorms,Aluguel: R$ 1.420,Total: R$ 2.134
vazio,Apartamento,vazio,Praça General Osório,"Centro, Curitiba",            132 m²,            3 dorms,Aluguel: R$ 1.800,Total: R$ 3.111
Anúncio novo,Apartamento,vazio,Rua da Constituicão,"Pinheirinho, Curitiba",            45 m²,            1 dorms,Aluguel: R$ 1.200,Total: R$ 1.639
Anúncio novo,Studio e kitnet,vazio,Rua Desembargador Motta,"Bigorrilho, Curitiba",            35 m²,            1 dorms,Aluguel: R$ 1.000,Total: R$ 1.347
vazio,Apartamento,              Exclusivo,Br-116,"Bairro Alto, Curitiba",            50 m²,            2 dorms,Aluguel: R$ 1.530,Total: R$ 2.025
vazio,Apartamento,              Exclusivo,Travessa Nestor de Castro,"Centro, Curitiba",            50 m²,            1 dorms,Aluguel: R$ 1.100,Total: R$ 1.578
vazio,Studio e kitnet,vazio,Rua Martim Afonso,"Mercês, Curitiba",            38 m²,            1 dorms,Aluguel: R$ 1.050,Total: R$ 1.356
vazio,Casa,              Exclusivo,Rua Miguel Caluf,"Cajuru, Curitiba",            70 m²,            2 dorms,Aluguel: R$ 1.250,Total: R$ 1.301
Anúncio novo,Apartamento,              Exclusivo,Rua Domingas Nicco,"Mossunguê , Curitiba",            90 m²,            2 dorms,Aluguel: R$ 2.900,Total: R$ 3.722
vazio,Studio e kitnet,              Originals,Rua Doutor Reynaldo Machado,"Prado Velho, Curitiba",            17 m²,            1 dorms,Aluguel: R$ 1.300,Total: R$ 1.599
vazio,Apartamento,              Exclusivo,Rua João Bonat,"Novo Mundo, Curitiba",            57 m²,            2 dorms,Aluguel: R$ 1.023,Total: R$ 1.435
vazio,Apartamento,              Exclusivo,Rua Luiz Ronaldo Canalli,"Campo Comprido , Curitiba",            55 m²,            3 dorms,Aluguel: R$ 1.360,Total: R$ 1.907
vazio,Apartamento,vazio,Avenida Presidente Affonso Camargo,"Cristo Rei , Curitiba",            100 m²,            3 dorms,Aluguel: R$ 1.460,Total: R$ 2.275
vazio,Apartamento,              Originals,Rua Francisco Derosso,"Xaxim, Curitiba",            60 m²,            2 dorms,Aluguel: R$ 1.617,Total: R$ 2.134
vazio,Apartamento,              Exclusivo,Rua Doutor José Palú,"Novo Mundo, Curitiba",            84 m²,            3 dorms,Aluguel: R$ 1.500,Total: R$ 2.055
vazio,Apartamento,              Exclusivo,Rua Desembargador Motta,"Água Verde, Curitiba",            52 m²,            2 dorms,Aluguel: R$ 1.580,Total: R$ 1.972
Anúncio novo,Apartamento,              Exclusivo,Avenida Sete de Setembro,"Rebouças , Curitiba",            34 m²,            1 dorms,Aluguel: R$ 859,Total: R$ 1.281
vazio,Studio e kitnet,              Originals,Rua Doutor Reynaldo Machado,"Prado Velho, Curitiba",            18 m²,            1 dorms,Aluguel: R$ 1.280,Total: R$ 1.558
vazio,Apartamento,              Exclusivo,Rua Alberto Otto,"Santa Cândida, Curitiba",            50 m²,            2 dorms,Aluguel: R$ 680,Total: R$ 979
vazio,Casa,              Exclusivo,Rua Inácio Lustosa,"São Francisco, Curitiba",            450 m²,            5 dorms,Aluguel: R$ 3.500,Total: R$ 3.863
Anúncio novo,Apartamento,vazio,Rua Sebastião Malucelli,"Novo Mundo, Curitiba",            40 m²,            3 dorms,Aluguel: R$ 900,Total: R$ 1.312
vazio,Apartamento,vazio,Avenida Silva Jardim,"Água Verde, Curitiba",            134 m²,            3 dorms,Aluguel: R$ 1.650,Total: R$ 2.167
vazio,Apartamento,              Exclusivo,Rua Thereza Lopes Skroski,"Santa Cândida, Curitiba",            58 m²,            2 dorms,Aluguel: R$ 600,Total: R$ 922
vazio,Apartamento,vazio,Rua Engenheiro Niepce da Silva,"Portão , Curitiba",            79 m²,            2 dorms,Aluguel: R$ 1.615,Total: R$ 2.223
vazio,Studio e kitnet,vazio,Rua João Domachoski,"Mossunguê , Curitiba",            30 m²,            1 dorms,Aluguel: R$ 1.460,Total: R$ 1.797
vazio,Casa,vazio,Rua Tunísia,"Cajuru, Curitiba",            74 m²,            3 dorms,Aluguel: R$ 1.308,Total: R$ 1.361
vazio,Apartamento,              Exclusivo,Rua Equador,"Bacacheri, Curitiba",            94 m²,            3 dorms,Aluguel: R$ 2.800,Total: R$ 3.401
vazio,Casa,              Exclusivo,Rua Professor Zildo Manoel da Cruz,"Portão , Curitiba",            400 m²,            5 dorms,Aluguel: R$ 10.000,Total: R$ 10.740
vazio,Apartamento,              Exclusivo,Rua Jair Coelho,"Cidade Industrial, Curitiba",            49 m²,            2 dorms,Aluguel: R$ 950,Total: R$ 1.313
Anúncio novo,Studio e kitnet,              Exclusivo,Rua Pedro Ivo,"Centro, Curitiba",            35 m²,            1 dorms,Aluguel: R$ 1.200,Total: R$ 1.590
vazio,Apartamento,              Exclusivo,Rua Professor Algacyr Munhoz Mader,"Cidade Industrial de Curitiba, Curitiba",            45 m²,            2 dorms,Aluguel: R$ 510,Total: R$ 875
vazio,Apartamento,              Exclusivo,Rua Coronel Domingos Theodorico de Freitas,"Sítio Cercado, Curitiba",            34 m²,            2 dorms,Aluguel: R$ 1.200,Total: R$ 1.504
vazio,Apartamento,vazio,Rua João Nicoletti Daros,"Xaxim, Curitiba",            30 m²,            1 dorms,Aluguel: R$ 630,Total: R$ 716
vazio,Apartamento,vazio,Rua Estados Unidos,"Bacacheri, Curitiba",            28 m²,            1 dorms,Aluguel: R$ 1.350,Total: R$ 1.653
vazio,Apartamento,              Exclusivo,Rua Luiz Barreto Murat,"Bairro Alto, Curitiba",            35 m²,            1 dorms,Aluguel: R$ 1.123,Total: R$ 1.303
vazio,Studio e kitnet,              Exclusivo,Rua Pedro Ivo,"Centro, Curitiba",            35 m²,            1 dorms,Aluguel: R$ 1.596,Total: R$ 1.992
vazio,Apartamento,vazio,Rua Quintino Bocaiúva,"Cabral, Curitiba",            120 m²,            3 dorms,Aluguel: R$ 2.600,Total: R$ 3.840
vazio,Apartamento,              Originals,Rua Padre Agostinho,"Bigorrilho, Curitiba",            95 m²,            3 dorms,Aluguel: R$ 3.500,Total: R$ 4.275
Anúncio novo,Apartamento,              Exclusivo,Rua Howell Lewis Fry,"Cachoeira, Curitiba",            47 m²,            2 dorms,Aluguel: R$ 525,Total: R$ 861
vazio,Apartamento,              Exclusivo,Rua Rio Japurá,"Bairro Alto, Curitiba",            40 m²,            1 dorms,Aluguel: R$ 676,Total: R$ 1.005
vazio,Studio e kitnet,vazio,vazio,"Rua Carlos Klemtz, 69 - Fazendinha, Curitiba - Pr, Brasil",            35 m²,            1 dorms,Aluguel: R$ 790,Total: R$ 1.119
vazio,vazio,vazio,Estrada Guilherme Weigert,"Novo Mundo, Curitiba",vazio,vazio,vazio,vazio
vazio,Apartamento,              Originals,vazio,"Santa Cândida, Curitiba",            58 m²,            3 dorms,Aluguel: R$ 1.150,Total: R$ 1.515
vazio,Apartamento,vazio,Rua Urbâno Lopes,"Cristo Rei , Curitiba",            240 m²,            4 dorms,Aluguel: R$ 4.220,Total: R$ 5.731
vazio,Casa em Condomínio,vazio,Rua João Guariza,"São Lourenço, Curitiba",            280 m²,            4 dorms,Aluguel: R$ 4.650,Total: R$ 4.980
vazio,Apartamento,              Exclusivo,Rua Pedro Gusso,"Capão Raso, Curitiba",            50 m²,            3 dorms,Aluguel: R$ 1.106,Total: R$ 1.596
vazio,Apartamento,              Exclusivo,Rua Nicanor do Rosário,"Pinheirinho, Curitiba",            48 m²,            3 dorms,Aluguel: R$ 950,Total: R$ 984
vazio,Casa,vazio,Rua Deocleciano de Paula Xavier,"Pilarzinho, Curitiba",            148 m²,            3 dorms,Aluguel: R$ 3.300,Total: R$ 3.554
Anúncio novo,Apartamento,vazio,Rua Doutor Luiz Losso Filho,"Novo Mundo, Curitiba",            40 m²,            1 dorms,Aluguel: R$ 850,Total: R$ 905
vazio,Apartamento,              Exclusivo,Avenida Presidente Getúlio Vargas,"Água Verde, Curitiba",            68 m²,            2 dorms,Aluguel: R$ 1.585,Total: R$ 2.052
vazio,Studio e kitnet,vazio,Rua Raymundo Nina Rodrigues,"Cajuru, Curitiba",            20 m²,            1 dorms,Aluguel: R$ 640,Total: R$ 664
vazio,Apartamento,              Originals,Rua Riachuelo,"Centro, Curitiba",            17 m²,            1 dorms,Aluguel: R$ 1.380,Total: R$ 1.905
vazio,Apartamento,vazio,Estrada Delegado Bruno de Almeida,"Tatuquara, Curitiba",            44 m²,            2 dorms,Aluguel: R$ 1.090,Total: R$ 1.433
Anúncio novo,Apartamento,              Exclusivo,Rua Reinaldo Stocco,"Pinheirinho, Curitiba",            53 m²,            2 dorms,Aluguel: R$ 2.000,Total: R$ 2.411
vazio,Studio e kitnet,              Originals,Avenida Visconde de Guarapuava,"Centro, Curitiba",            33 m²,            1 dorms,Aluguel: R$ 1.670,Total: R$ 2.091
Anúncio novo,Apartamento,vazio,Rua Desembargador Vieira Cavalcanti,"São Francisco, Curitiba",            55 m²,            3 dorms,Aluguel: R$ 1.100,Total: R$ 1.501
vazio,Apartamento,              Exclusivo,Rua Mario Zanlorenzi,"Campo Comprido , Curitiba",            48 m²,            2 dorms,Aluguel: R$ 970,Total: R$ 1.276
vazio,Casa,              Exclusivo,Rua Mandirituba,"Pinheirinho, Curitiba",            120 m²,            3 dorms,Aluguel: R$ 2.900,Total: R$ 3.146
vazio,Apartamento,              Exclusivo,Rua Euclides da Cunha,"Bigorrilho, Curitiba",            31 m²,            1 dorms,Aluguel: R$ 724,Total: R$ 1.068
vazio,Apartamento,vazio,Avenida Sete de Setembro,"Rebouças , Curitiba",            50 m²,            2 dorms,Aluguel: R$ 1.238,Total: R$ 1.750
vazio,Apartamento,vazio,Rua Marechal Deodoro,"Centro, Curitiba",            70 m²,            2 dorms,Aluguel: R$ 952,Total: R$ 1.665
vazio,Apartamento,vazio,Rua João Domachoski,"Mossunguê , Curitiba",            47 m²,            2 dorms,Aluguel: R$ 2.175,Total: R$ 2.796
Anúncio novo,Apartamento,vazio,Avenida Sete de Setembro,"Rebouças , Curitiba",            50 m²,            2 dorms,Aluguel: R$ 966,Total: R$ 1.465
Anúncio novo,Apartamento,vazio,Travessa Nestor de Castro,"Centro, Curitiba",            80 m²,            1 dorms,Aluguel: R$ 1.200,Total: R$ 1.774
vazio,Studio e kitnet,              Originals,Rua Professor Fábio de Souza,"Seminário , Curitiba",            27 m²,            1 dorms,Aluguel: R$ 1.056,Total: R$ 1.544
vazio,Apartamento,vazio,Rua Alberto Otto,"Santa Cândida, Curitiba",            55 m²,            2 dorms,Aluguel: R$ 630,Total: R$ 956
Anúncio novo,Apartamento,              Exclusivo,Rua Birmânia,"Cajuru, Curitiba",            45 m²,            2 dorms,Aluguel: R$ 1.100,Total: R$ 1.428
vazio,Studio e kitnet,vazio,Rua Mauá,"Alto da Glória , Curitiba",            40 m²,            1 dorms,Aluguel: R$ 890,Total: R$ 1.242
vazio,Apartamento,              Exclusivo,Rua Juvenal Carvalho,"Campo Comprido , Curitiba",            45 m²,            2 dorms,Aluguel: R$ 920,Total: R$ 1.364
vazio,Apartamento,              Exclusivo,Rua Mário Chalbaud Biscaia,"Novo Mundo, Curitiba",            66 m²,            3 dorms,Aluguel: R$ 1.040,Total: R$ 1.574
vazio,Apartamento,vazio,Rua Izabel Gomes Posselt,"Alto Boqueirão, Curitiba",            51 m²,            2 dorms,Aluguel: R$ 800,Total: R$ 1.079
vazio,Studio e kitnet,              Exclusivo,Rua Cruz Machado,"Centro, Curitiba",            49 m²,            1 dorms,Aluguel: R$ 600,Total: R$ 1.027
vazio,Apartamento,              Originals,Rua Felisbino Passos,"Tingui, Curitiba",            55 m²,            2 dorms,Aluguel: R$ 1.747,Total: R$ 2.133
vazio,Casa,vazio,Rua Padre Francisco João Azevedo,"Jardim Botânico, Curitiba",            264 m²,            4 dorms,Aluguel: R$ 3.455,Total: R$ 3.771
vazio,Studio e kitnet,              Exclusivo,Rua Doutor Reynaldo Machado,"Prado Velho, Curitiba",            19 m²,            1 dorms,Aluguel: R$ 1.290,Total: R$ 1.567
vazio,Apartamento,vazio,Rua Guilherme Mazeto,"Pinheirinho, Curitiba",            44 m²,            2 dorms,Aluguel: R$ 927,Total: R$ 1.164
Anúncio novo,Apartamento,              Exclusivo,Rua Reinaldo Stocco,"Pinheirinho, Curitiba",            50 m²,            2 dorms,Aluguel: R$ 1.400,Total: R$ 1.818
vazio,Apartamento,vazio,Rua Mateus Leme,"São Francisco, Curitiba",            57 m²,            2 dorms,Aluguel: R$ 1.136,Total: R$ 1.465
Anúncio novo,Apartamento,              Exclusivo,Rua Guararapes,"Vila Izabel , Curitiba",            40 m²,            1 dorms,Aluguel: R$ 918,Total: R$ 1.411
vazio,Casa,              Exclusivo,Rua São Francisco Xavier,"Pilarzinho, Curitiba",            90 m²,            3 dorms,Aluguel: R$ 1.000,Total: R$ 1.066
vazio,Apartamento,              Exclusivo,Rua Mateus Leme,"São Francisco, Curitiba",            67 m²,            3 dorms,Aluguel: R$ 1.261,Total: R$ 1.557
Anúncio novo,Casa,              Exclusivo,Rua Pinheiro Guimarães,"Portão , Curitiba",            145 m²,            3 dorms,Aluguel: R$ 3.200,Total: R$ 3.472
Anúncio novo,Apartamento,vazio,Rua Doutor Luiz Losso Filho,"Novo Mundo, Curitiba",            138 m²,            3 dorms,Aluguel: R$ 2.200,Total: R$ 2.430
Anúncio novo,Studio e kitnet,vazio,Rua Nicolau Maeder,"Alto da Glória , Curitiba",            25 m²,            1 dorms,Aluguel: R$ 1.800,Total: R$ 2.574
Anúncio novo,Apartamento,              Originals,Rua José Clementino Bettega,"Capão Raso, Curitiba",            58 m²,            2 dorms,Aluguel: R$ 2.200,Total: R$ 2.816
Anúncio novo,Apartamento,              Exclusivo,Rua José Breda Sobrinho,"Pinheirinho, Curitiba",            49 m²,            2 dorms,Aluguel: R$ 1.300,Total: R$ 1.677
Anúncio novo,Casa,vazio,Rua Alexandre Dalcuch,"Bacacheri, Curitiba",            180 m²,            4 dorms,Aluguel: R$ 5.500,Total: R$ 5.787
Anúncio novo,Casa em Condomínio,vazio,Rua Conde São João das Duas Barras,"Boqueirão, Curitiba",            100 m²,            4 dorms,Aluguel: R$ 3.000,Total: R$ 3.164
Anúncio novo,Casa,vazio,Rua Município de Enéas Marquês,"Fazendinha, Curitiba",            150 m²,            3 dorms,Aluguel: R$ 1.450,Total: R$ 1.509
